quote_accept_time,id,create_time,is_delete,uid,quote_coin,base_coin,side,price,quote_amount,base_amount,quote_precision,base_precision,settle_time,client_id,token,clearing_stage
1648544482812,2521,2022-03-29 09:01:22.791001+00:00,False,138029815,BTC,HUSD,sell,47521.624788,0.00041884,19.9,8,8,1648544482812,24,,0
1648544298685,2515,2022-03-29 08:58:18.670698+00:00,False,138029815,BTC,HUSD,buy,47582.385703,0.0004204,20.0,8,8,1648544298685,24,,0
1648543943756,2511,2022-03-29 08:52:23.740653+00:00,False,138029815,USDT,HUSD,sell,1.0004,19.99200319,20.0,8,8,1648543943756,24,,0
1648543874454,2508,2022-03-29 08:51:14.438134+00:00,False,138029815,USDT,HUSD,buy,1.0005,19.99000499,20.0,8,8,1648543874454,24,,0
1648543843565,2505,2022-03-29 08:50:43.552215+00:00,False,138029815,USDT,HUSD,sell,1.0004,20.0,20.008,8,8,1648543843565,24,,0
1648543781644,2502,2022-03-29 08:49:41.628972+00:00,False,138029815,USDT,HUSD,buy,1.0005,20.0,20.01,8,8,1648543781644,24,,0
1648543708295,2499,2022-03-29 08:48:28.280765+00:00,False,138029815,ETH,HUSD,sell,3399.423621,0.01293246,43.96289814,8,8,1648543708295,24,,0
1648543653044,2496,2022-03-29 08:47:33.028000+00:00,False,138029815,ETH,HUSD,buy,3416.934626,0.01,34.16933294,8,8,1648543653044,24,,0
1648543371186,2493,2022-03-29 08:42:51.168643+00:00,False,138029815,BTC,HUSD,sell,47537.297221,0.001,47.52777883,8,8,1648543371186,24,,0
1648543142588,2490,2022-03-29 08:39:02.573965+00:00,False,138029815,BTC,HUSD,buy,47553.976302,0.001,47.54444887,8,8,1648543142588,24,,0
1648542724962,2479,2022-03-29 08:32:04.948785+00:00,False,138029815,ETH,HUSD,buy,3407.716331,0.00293451,10.0,8,8,1648542724962,24,,0
1648542697465,2476,2022-03-29 08:31:37.447774+00:00,False,138029815,ETH,HUSD,sell,3398.039479,0.01,33.98038562,8,8,1648542697465,24,,0
1648542479883,2472,2022-03-29 08:27:59.867817+00:00,False,138029815,ETH,HUSD,buy,3409.457899,0.01,34.09456569,8,8,1648542479883,24,,0
1647331632008,63,2022-03-15 08:07:11.990881+00:00,False,138029815,ETH,USDT,sell,2522.34035,0.01,25.2234035,8,8,1647331632008,24,,0
1647331625072,60,2022-03-15 08:07:05.058773+00:00,False,138029815,ETH,USDT,buy,2527.135326,0.01,25.27135326,8,8,1647331625072,24,,0
1647331609541,57,2022-03-15 08:06:49.527290+00:00,False,138029815,ETH,USDT,sell,2518.825866,0.01,25.18825866,8,8,1647331609541,24,,0
1647331601070,54,2022-03-15 08:06:41.053958+00:00,False,138029815,ETH,USDT,buy,2526.535206,0.01,25.26535206,8,8,1647331601070,24,,0
1647326806002,49,2022-03-15 06:46:45.988660+00:00,False,138029815,ETH,USDT,sell,2541.368787,0.1,254.13687871,8,8,1647326806002,24,,0
1647326794659,46,2022-03-15 06:46:34.644916+00:00,False,138029815,ETH,USDT,buy,2550.249948,0.1,255.0249948,8,8,1647326794659,24,,0
1647326702568,43,2022-03-15 06:45:02.554297+00:00,False,138029815,BTC,USDT,buy,38812.940905,0.09,3492.46618819,8,8,1647326702568,24,,0
1647255529547,39,2022-03-14 10:58:49.532144+00:00,False,138029815,ETH,USDT,sell,2591.264515,0.10958,284.5208438,8,8,1647255529547,24,,0
1647255276839,38,2022-03-14 10:54:36.824053+00:00,False,138029815,ETH,USDT,buy,2593.765533,0.11,285.31420868,8,8,1647255276839,24,,0
1647254842652,37,2022-03-14 10:47:22.638568+00:00,False,138029815,BTC,USDT,sell,39032.286658,0.009978,390.24481763,8,8,1647254842652,24,,0
1647254358660,36,2022-03-14 10:39:18.645902+00:00,False,138029815,BTC,USDT,buy,39049.225327,0.01,390.41417044,8,8,1647254358660,24,,0
1647253802481,35,2022-03-14 10:30:02.466756+00:00,False,138029815,USDT,HUSD,sell,1.0001,0.0,0.0,8,8,1647253802481,24,,0
1646883287157,6,2022-03-10 03:34:47.134064+00:00,False,138029815,BTC,USDT,sell,40788.429055,0.1,4078.0273,8,8,1646883287157,24,,0
1646883273378,5,2022-03-10 03:34:33.368822+00:00,False,138029815,ETH,USDT,sell,2661.711942,0.1,266.17119419,8,8,1646883273378,24,,0
1646882998614,4,2022-03-10 03:29:58.606600+00:00,False,138029815,ETH,USDT,buy,2670.453984,0.1,267.0453984,8,8,1646882998614,24,,0
1646882979020,3,2022-03-10 03:29:39.011375+00:00,False,138029815,BTC,USDT,buy,40881.181616,0.01,408.73007015,8,8,1646882979020,24,,0
1646882502777,2,2022-03-10 03:21:42.755871+00:00,False,138029815,USDT,HUSD,sell,1.0003,1000.0,1000.3,8,8,1646882502777,24,,0
1645180226650,18379085,2022-02-18 10:30:26.641941+00:00,False,138029815,BTC,USDT,sell,40737.227876,0.01,407.2908206,8,8,1645180226650,24,,0
1645180112399,18379084,2022-02-18 10:28:32.390969+00:00,False,138029815,BTC,USDT,buy,40760.99857,0.01,407.52848,8,8,1645180112399,24,,0
1645175931348,18379083,2022-02-18 09:18:51.340074+00:00,False,138029815,ETH,USDT,sell,2919.330825,0.1,291.93308251,8,8,1645175931348,24,,0
1645175829163,18379082,2022-02-18 09:17:09.155451+00:00,False,138029815,ETH,USDT,buy,2933.5866,0.1,293.35866001,8,8,1645175829163,24,,0
1645174627871,18379081,2022-02-18 08:57:07.863730+00:00,False,138029815,BTC,USDT,sell,40923.215526,0.01,409.1503252,8,8,1645174627871,24,,0
1645174481132,18379080,2022-02-18 08:54:41.124777+00:00,False,138029815,BTC,USDT,buy,40808.892146,0.01,408.00732001,8,8,1645174481132,24,,0
1645174015381,18379079,2022-02-18 08:46:55.373427+00:00,False,138029815,BTC,USDT,sell,40820.19884,0.01,408.12036433,8,8,1645174015381,24,,0
1645174008773,18379078,2022-02-18 08:46:48.765509+00:00,False,138029815,BTC,USDT,buy,40824.544276,0.01,408.16381,8,8,1645174008773,24,,0
1644995284468,18379071,2022-02-16 07:08:04.460225+00:00,False,138029815,ETH,USDT,sell,3130.111054,0.0,0.0,8,8,1644995284468,24,,0
1644995280751,18379070,2022-02-16 07:08:00.735116+00:00,False,138029815,ETH,USDT,buy,3140.87805,0.0,0.0,8,8,1644995280751,24,,0
1644995091117,18379069,2022-02-16 07:04:51.112231+00:00,False,138029815,BTC,USDT,sell,44084.541542,0.0,0.0,8,8,1644995091117,24,,0
1644995085647,18379068,2022-02-16 07:04:45.641621+00:00,False,138029815,BTC,USDT,buy,44081.586046,0.0,0.0,8,8,1644995085647,24,,0
1644836019052,18379058,2022-02-14 10:53:39.042659+00:00,False,138029815,BTC,USDT,sell,42260.431224,0.0,0.0,8,8,1644836019052,24,,0
1644836013748,18379057,2022-02-14 10:53:33.741893+00:00,False,138029815,BTC,USDT,buy,42263.901295,0.0,0.0,8,8,1644836013748,24,,0
1644835873896,18379056,2022-02-14 10:51:13.886893+00:00,False,138029815,BTC,USDT,sell,42235.451945,0.0,0.0,8,8,1644835873896,24,,0
1644835867413,18379055,2022-02-14 10:51:07.406014+00:00,False,138029815,BTC,USDT,buy,42223.426693,0.0,0.0,8,8,1644835867413,24,,0
1644835807137,18379054,2022-02-14 10:50:07.128408+00:00,False,138029815,USDT,HUSD,buy,1.0005,1000.0,1000.5,8,8,1644835807137,24,,0
1644835697499,18379053,2022-02-14 10:48:17.490173+00:00,False,138029815,USDT,HUSD,buy,1.0005,1000.0,1000.5,8,8,1644835697499,24,,0
1644835424875,18379048,2022-02-14 10:43:44.868864+00:00,False,138029815,USDT,HUSD,buy,1.0005,1000.0,1000.5,8,8,1644835424875,24,,0
1644835355787,18379037,2022-02-14 10:42:35.780013+00:00,False,138029815,USDT,HUSD,buy,1.0005,1000.0,1000.5,8,8,1644835355787,24,,0
1644835287741,18379032,2022-02-14 10:41:27.734441+00:00,False,138029815,BTC,USDT,sell,42177.304697,0.0,0.0,8,8,1644835287741,24,,0
1644835282760,18379030,2022-02-14 10:41:22.745877+00:00,False,138029815,BTC,USDT,buy,42193.457417,0.0,0.0,8,8,1644835282760,24,,0
1644835099012,18379029,2022-02-14 10:38:18.995584+00:00,False,138029815,BTC,USDT,sell,42201.369417,0.0,0.0,8,8,1644835099012,24,,0
1644835093770,18379028,2022-02-14 10:38:13.764118+00:00,False,138029815,BTC,USDT,buy,42207.230019,0.0,0.0,8,8,1644835093770,24,,0
1644834039210,18379027,2022-02-14 10:20:39.202266+00:00,False,138029815,BTC,USDT,sell,42121.971141,0.0,0.0,8,8,1644834039210,24,,0
1644834034624,18379026,2022-02-14 10:20:34.616649+00:00,False,138029815,BTC,USDT,buy,42126.775306,0.0,0.0,8,8,1644834034624,24,,0
1644833813541,18379025,2022-02-14 10:16:53.534812+00:00,False,138029815,BTC,USDT,sell,42180.725335,0.0,0.0,8,8,1644833813541,24,,0
1644833808679,18379024,2022-02-14 10:16:48.671865+00:00,False,138029815,BTC,USDT,buy,42179.020266,0.0,0.0,8,8,1644833808679,24,,0
1644833561209,18379019,2022-02-14 10:12:41.200225+00:00,False,138029815,BTC,USDT,sell,42171.909912,0.0,0.0,8,8,1644833561209,24,,0
1644833551225,18379018,2022-02-14 10:12:30.536382+00:00,False,138029815,BTC,USDT,buy,42177.717673,0.0,0.0,8,8,1644833551225,24,,0
1644588814091,18379013,2022-02-11 14:13:34.080862+00:00,False,138029815,BTC,USDT,sell,43609.112982,0.0,0.0,8,8,1644588814091,24,,0
1644588234805,18379000,2022-02-11 14:03:52.320231+00:00,False,138029815,BTC,USDT,buy,43774.907737,0.0,0.0,8,8,1644588234805,24,,0
1644551493969,18378997,2022-02-11 03:51:33.955634+00:00,False,138029815,BTC,USDT,sell,43359.737226,0.0,0.0,8,8,1644551493969,24,,0
1644551440776,18378992,2022-02-11 03:50:40.543974+00:00,False,138029815,BTC,USDT,buy,43329.762056,0.0,0.0,8,8,1644551440776,24,,0
1640759436616,18378393,2021-12-29 06:30:36.617191+00:00,False,138029815,USDT,HUSD,buy,1.0004,20.0,20.0080008,8,8,1640759436616,24,,0
1640752014169,18378390,2021-12-29 04:26:54.159366+00:00,False,138029815,USDT,HUSD,buy,1.0003,20.0,20.0060004,8,8,1640752014169,24,,0
1640747909576,18378387,2021-12-29 03:18:29.563911+00:00,False,138029815,USDT,HUSD,buy,1.0003,20.0,20.0060004,8,8,1640747909576,24,,0
1640660771776,18378384,2021-12-28 03:06:11.771558+00:00,False,138029815,USDT,HUSD,buy,1.0006,20.0,20.0120016,8,8,1640660771776,24,,0
1640609154437,18378381,2021-12-27 12:45:54.438997+00:00,False,138029815,USDT,HUSD,buy,1.0007,20.0,20.014002,8,8,1640609154437,24,,0
1640603608289,18378378,2021-12-27 11:13:28.280078+00:00,False,138029815,USDT,HUSD,sell,0.9997,15.0,14.99549731,8,8,1640603608289,24,,0
1640602719691,18378371,2021-12-27 10:58:39.676087+00:00,False,138029815,USDT,HUSD,buy,1.0007,10.0,10.007001,8,8,1640602719691,24,,0
1639712521611,18378363,2021-12-17 03:42:01.652677+00:00,False,138029815,USDT,HUSD,sell,0.9995,1.0,0.99950003,8,8,1639712521611,24,,0
1639711711282,18378360,2021-12-17 03:28:31.321223+00:00,False,138029815,USDT,HUSD,buy,1.0004,1.0,1.00040004,8,8,1639711711282,24,,0
1639365601831,18378353,2021-12-13 03:20:01.863979+00:00,False,138029815,USDT,HUSD,sell,0.9999,1.0,0.99989969,8,8,1639365601831,24,,0
1639365593966,18378349,2021-12-13 03:19:53.995198+00:00,False,138029815,USDT,HUSD,buy,1.0009,1.0,1.00090014,8,8,1639365593966,24,,0
1639127716607,18378346,2021-12-10 09:15:16.623414+00:00,False,138029815,USDT,HUSD,buy,1.0006,10.0,10.0060008,8,8,1639127716607,24,,0
1639076045477,18378334,2021-12-09 18:54:05.483387+00:00,False,138029815,BTC,HUSD,buy,47703.122814,0.0,0.0,8,8,1639076045477,24,,0
1639058055370,18378330,2021-12-09 13:54:15.375742+00:00,False,138029815,BTC,USDT,sell,49278.032422,0.0,0.0,8,8,1639058055370,24,,0
1639058044314,18378327,2021-12-09 13:54:04.315928+00:00,False,138029815,BTC,USDT,buy,49317.466677,0.0,0.0,8,8,1639058044314,24,,0
1639050990728,18378323,2021-12-09 11:56:30.729979+00:00,False,138029815,ETH,HUSD,sell,4305.392846,0.0,0.0,8,8,1639050990728,24,,0
1639050982987,18378320,2021-12-09 11:56:22.988979+00:00,False,138029815,ETH,HUSD,buy,4318.79078,0.0,0.0,8,8,1639050982987,24,,0
1639050968690,18378317,2021-12-09 11:56:08.691902+00:00,False,138029815,USDT,HUSD,sell,1.000199,1.0,1.00019948,8,8,1639050968690,24,,0
1639050915888,18378313,2021-12-09 11:55:15.890856+00:00,False,138029815,USDT,HUSD,buy,1.0012,1.0,1.0012002,8,8,1639050915888,24,,0
1639050909615,18378310,2021-12-09 11:55:09.616139+00:00,False,138029815,BTC,HUSD,sell,49216.090774,0.0,0.0,8,8,1639050909615,24,,0
1639050898538,18378307,2021-12-09 11:54:58.539015+00:00,False,138029815,BTC,HUSD,buy,49361.955858,0.0,0.0,8,8,1639050898538,24,,0
1639049960599,18378304,2021-12-09 11:39:20.600636+00:00,False,138029815,USDT,HUSD,buy,1.0012,1.0,1.0012002,8,8,1639049960599,24,,0
1639049824850,18378301,2021-12-09 11:37:04.852097+00:00,False,138029815,BTC,USDT,buy,49119.191654,0.0,0.0,8,8,1639049824850,24,,0
1639048943006,18378298,2021-12-09 11:22:23.013014+00:00,False,138029815,USDT,HUSD,sell,1.000199,0.99980056,1.0,8,8,1639048943006,24,,0
1639048935876,18378295,2021-12-09 11:22:15.883413+00:00,False,138029815,USDT,HUSD,sell,1.000199,1.0,1.00019948,8,8,1639048935876,24,,0
1639048926886,18378292,2021-12-09 11:22:06.891225+00:00,False,138029815,USDT,HUSD,buy,1.0012,0.99880123,1.0,8,8,1639048926886,24,,0
1639048918619,18378289,2021-12-09 11:21:58.623151+00:00,False,138029815,USDT,HUSD,buy,1.0012,1.0,1.0012002,8,8,1639048918619,24,,0
1638963383169,18378278,2021-12-08 11:36:23.158316+00:00,False,138029815,USDT,HUSD,sell,1.000299,0.0001,0.00010003,8,8,1638963383169,24,,0
1638963374942,18378275,2021-12-08 11:36:14.931101+00:00,False,138029815,USDT,HUSD,buy,1.0013,0.0001,0.00010014,8,8,1638963374942,24,,0
1638963334873,18378270,2021-12-08 11:35:34.858430+00:00,False,138029815,BTC,HUSD,buy,49328.592763,0.0,0.0,8,8,1638963334873,24,,0
1638549588600,18378255,2021-12-03 16:39:48.593931+00:00,False,138029815,ETH,USDT,buy,4411.322088,0.0,0.0,8,8,1638549588600,24,,0
1638541648940,18378251,2021-12-03 14:27:28.935939+00:00,False,138029815,USDT,HUSD,buy,1.0012,20.0,20.024004,8,8,1638541648940,24,,0
1638356641278,18378233,2021-12-01 11:04:01.265294+00:00,False,138029815,BTC,USDT,buy,56938.597222,0.0,0.0,8,8,1638356641278,24,,0
1638344153253,18378229,2021-12-01 07:35:53.256315+00:00,False,138029815,USDT,HUSD,buy,1.0011,20.0,20.0220036,8,8,1638344153253,24,,0
1638343363416,18378225,2021-12-01 07:22:43.418519+00:00,False,138029815,USDT,HUSD,buy,1.0011,20.0,20.0220036,8,8,1638343363416,24,,0
1638342251421,18378222,2021-12-01 07:04:11.421628+00:00,False,138029815,USDT,HUSD,buy,1.0011,0.99890102,1.0,8,8,1638342251421,24,,0
1638342173369,18378219,2021-12-01 07:02:53.369128+00:00,False,138029815,USDT,HUSD,buy,1.0011,1.0,1.00110018,8,8,1638342173369,24,,0
1638341970046,18378216,2021-12-01 06:59:30.047008+00:00,False,138029815,USDT,HUSD,buy,1.0011,1.0,1.00110018,8,8,1638341970046,24,,0
1638340296587,18378207,2021-12-01 06:31:36.588376+00:00,False,138029815,ETH,USDT,sell,4720.156584,0.0,0.0,8,8,1638340296587,24,,0
1638340283312,18378204,2021-12-01 06:31:23.308607+00:00,False,138029815,BTC,USDT,sell,56851.417442,0.0,0.0,8,8,1638340283312,24,,0
1638339724185,18378201,2021-12-01 06:22:04.186299+00:00,False,138029815,ETH,USDT,buy,4735.640059,0.0,0.0,8,8,1638339724185,24,,0
1638339046074,18378198,2021-12-01 06:10:46.077426+00:00,False,138029815,ETH,HUSD,buy,4717.18006,0.0,0.0,8,8,1638339046074,24,,0
1638339037975,18378195,2021-12-01 06:10:37.978502+00:00,False,138029815,ETH,HUSD,buy,4717.18006,0.0,0.0,8,8,1638339037975,24,,0
1638339022694,18378192,2021-12-01 06:10:22.693982+00:00,False,138029815,ETH,USDT,buy,4711.985873,0.0,0.0,8,8,1638339022694,24,,0
1638339012936,18378189,2021-12-01 06:10:12.936554+00:00,False,138029815,ETH,USDT,buy,4707.283052,0.0,0.0,8,8,1638339012936,24,,0
1638338989859,18378186,2021-12-01 06:09:49.861734+00:00,False,138029815,BTC,HUSD,buy,56895.932766,0.0,0.0,8,8,1638338989859,24,,0
1638338974678,18378183,2021-12-01 06:09:34.678602+00:00,False,138029815,BTC,HUSD,buy,56895.932766,0.0,0.0,8,8,1638338974678,24,,0
1638330537025,18378180,2021-12-01 03:48:57.014239+00:00,False,138029815,BTC,USDT,buy,57203.145878,0.0,0.0,8,8,1638330537025,24,,0
1638330482745,18378177,2021-12-01 03:48:02.745565+00:00,False,138029815,USDT,HUSD,sell,1.0001,1.0,1.00009955,8,8,1638330482745,24,,0
1638330069804,18378174,2021-12-01 03:41:09.781662+00:00,False,138029815,USDT,HUSD,buy,1.0011,1.0,1.00110018,8,8,1638330069804,24,,0
1638281449971,18378170,2021-11-30 14:10:49.972851+00:00,False,138029815,ETH,HUSD,buy,4665.66258,0.0,0.0,8,8,1638281449971,24,,0
1638281443733,18378167,2021-11-30 14:10:43.729337+00:00,False,138029815,ETH,USDT,buy,4660.535017,0.0,0.0,8,8,1638281443733,24,,0
1638279528708,18378164,2021-11-30 13:38:48.711793+00:00,False,138029815,ETH,HUSD,buy,4613.542999,0.0,0.0,8,8,1638279528708,24,,0
1638279522470,18378161,2021-11-30 13:38:42.475832+00:00,False,138029815,USDT,HUSD,buy,1.001,19.98001678,20.0,8,8,1638279522470,24,,0
1638279511731,18378158,2021-11-30 13:38:31.736236+00:00,False,138029815,ETH,USDT,buy,4607.303092,0.0,0.0,8,8,1638279511731,24,,0
1638279497027,18378155,2021-11-30 13:38:17.025445+00:00,False,138029815,BTC,HUSD,buy,58022.717323,0.0,0.0,8,8,1638279497027,24,,0
1638269521245,18378151,2021-11-30 10:52:01.244063+00:00,False,138029815,BTC,HUSD,buy,57076.140387,0.0,0.0,8,8,1638269521245,24,,0
1638267762431,18378138,2021-11-30 10:22:42.432085+00:00,False,138029815,BTC,HUSD,buy,56764.042808,0.0,0.0,8,8,1638267762431,24,,0
1638258113219,18378135,2021-11-30 07:41:53.225143+00:00,False,138029815,USDT,HUSD,buy,1.001,20.0,20.0200032,8,8,1638258113219,24,,0
1638189156557,18378126,2021-11-29 12:32:36.544127+00:00,False,138029815,BTC,HUSD,sell,56947.837577,0.0,0.0,8,8,1638189156557,24,,0
1638189108736,18378123,2021-11-29 12:31:48.722573+00:00,False,138029815,BTC,HUSD,buy,57078.352526,0.0,0.0,8,8,1638189108736,24,,0
1638185127135,18378115,2021-11-29 11:25:27.079198+00:00,False,138029815,BTC,HUSD,buy,57343.072036,0.0,0.0,8,8,1638185127135,24,,0
1638182955656,18378112,2021-11-29 10:49:15.647387+00:00,False,138029815,BTC,HUSD,sell,57081.657454,0.0,0.0,8,8,1638182955656,24,,0
1638182227107,18378109,2021-11-29 10:37:07.099063+00:00,False,138029815,BTC,HUSD,buy,57375.497095,0.0,0.0,8,8,1638182227107,24,,0
1638175374354,18378106,2021-11-29 08:42:54.346759+00:00,False,138029815,USDT,HUSD,sell,1.0007,5.0,5.0034991,8,8,1638175374354,24,,0
1638173695767,18378103,2021-11-29 08:14:55.753508+00:00,False,138029815,USDT,HUSD,buy,1.0012,5.0,5.006001,8,8,1638173695767,24,,0
1638172434451,18378100,2021-11-29 07:53:54.440415+00:00,False,138029815,USDT,HUSD,buy,1.0012,5.0,5.006001,8,8,1638172434451,24,,0
1638171340707,18378097,2021-11-29 07:35:40.698586+00:00,False,138029815,BTC,HUSD,buy,57704.986589,0.0,0.0,8,8,1638171340707,24,,0
1638168618006,18378094,2021-11-29 06:50:17.995119+00:00,False,138029815,USDT,HUSD,buy,1.0011,5.0,5.0055009,8,8,1638168618006,24,,0
1638168138403,18378091,2021-11-29 06:42:18.391037+00:00,False,138029815,BTC,HUSD,buy,57547.71954,0.0,0.0,8,8,1638168138403,24,,0
1638157980391,18378088,2021-11-29 03:53:00.381260+00:00,False,138029815,USDT,HUSD,sell,1.0005,1.0,1.00049986,8,8,1638157980391,24,,0
1638157650080,18378085,2021-11-29 03:47:30.066374+00:00,False,138029815,USDT,HUSD,buy,1.001,1.0,1.00100016,8,8,1638157650080,24,,0
1638088356390,18378081,2021-11-28 08:32:36.393451+00:00,False,138029815,USDT,HUSD,buy,1.001,1.0,1.00100016,8,8,1638088356390,24,,0
1638087874072,18378074,2021-11-28 08:24:34.075565+00:00,False,138029815,USDT,HUSD,buy,1.001,1.0,1.00100016,8,8,1638087874072,24,,0
1638087741023,18378071,2021-11-28 08:22:21.026094+00:00,False,138029815,USDT,HUSD,buy,1.001,1.0,1.00100016,8,8,1638087741023,24,,0
1638087045811,18378068,2021-11-28 08:10:45.805648+00:00,False,138029815,USDT,HUSD,buy,1.001,0.99900083,1.0,8,8,1638087045811,24,,0
1638086397270,18378056,2021-11-28 07:59:57.270580+00:00,False,138029815,USDT,HUSD,sell,1.0005,1.0,1.00049986,8,8,1638086397270,24,,0
1638086145529,18378053,2021-11-28 07:55:45.530583+00:00,False,138029815,USDT,HUSD,buy,1.001,1.0,1.00100016,8,8,1638086145529,24,,0
1638086067167,18378050,2021-11-28 07:54:27.167915+00:00,False,138029815,USDT,HUSD,sell,1.0005,1.0,1.00049986,8,8,1638086067167,24,,0
1638086041552,18378047,2021-11-28 07:54:01.553075+00:00,False,138029815,USDT,HUSD,buy,1.001,1.0,1.00100016,8,8,1638086041552,24,,0
1638086020388,18378044,2021-11-28 07:53:40.389427+00:00,False,138029815,USDT,HUSD,buy,1.001,1.0,1.00100016,8,8,1638086020388,24,,0
1638085998225,18378041,2021-11-28 07:53:18.225925+00:00,False,138029815,USDT,HUSD,buy,1.001,1.0,1.00100016,8,8,1638085998225,24,,0
1638085977369,18378038,2021-11-28 07:52:57.367969+00:00,False,138029815,USDT,HUSD,sell,1.0005,1.0,1.00049986,8,8,1638085977369,24,,0
1638085712730,18378033,2021-11-28 07:48:32.731476+00:00,False,138029815,USDT,HUSD,buy,1.001,1.0,1.00100016,8,8,1638085712730,24,,0
1638085707128,18378030,2021-11-28 07:48:27.123903+00:00,False,138029815,USDT,HUSD,sell,1.0005,1.0,1.00049986,8,8,1638085707128,24,,0
1638085701292,18378027,2021-11-28 07:48:21.288139+00:00,False,138029815,USDT,HUSD,buy,1.001,1.0,1.00100016,8,8,1638085701292,24,,0
1638085616370,18378024,2021-11-28 07:46:56.371686+00:00,False,138029815,USDT,HUSD,sell,1.0005,1.0,1.00049986,8,8,1638085616370,24,,0
1638085605391,18378021,2021-11-28 07:46:45.392428+00:00,False,138029815,USDT,HUSD,buy,1.001,1.0,1.00100016,8,8,1638085605391,24,,0
1638084087428,18378017,2021-11-28 07:21:27.427826+00:00,False,138029815,BTC,USDT,buy,54561.331528,0.0,0.0,8,8,1638084087428,24,,0
1638083266403,18378014,2021-11-28 07:07:46.407653+00:00,False,138029815,BTC,USDT,buy,54492.680357,0.0,0.0,8,8,1638083266403,24,,0
1638082736648,18378011,2021-11-28 06:58:56.652279+00:00,False,138029815,USDT,HUSD,sell,1.0005,10.0,10.0049986,8,8,1638082736648,24,,0
1638082453286,18377998,2021-11-28 06:54:13.291127+00:00,False,138029815,USDT,HUSD,sell,1.0005,0.0001,0.00010005,8,8,1638082453286,24,,0
1638082442768,18377995,2021-11-28 06:54:02.772525+00:00,False,138029815,USDT,HUSD,buy,1.001,0.0001,0.00010011,8,8,1638082442768,24,,0
1638082423127,18377992,2021-11-28 06:53:43.130413+00:00,False,138029815,USDT,HUSD,sell,1.0005,0.0001,0.00010005,8,8,1638082423127,24,,0
1638082408524,18377989,2021-11-28 06:53:28.524391+00:00,False,138029815,USDT,HUSD,buy,1.001,0.0001,0.00010011,8,8,1638082408524,24,,0
1637919933511,18377923,2021-11-26 09:45:33.534617+00:00,False,138029815,BTC,USDT,sell,55043.258626,0.0,0.0,8,8,1637919933511,24,,0
1637919925398,18377920,2021-11-26 09:45:25.429127+00:00,False,138029815,BTC,USDT,buy,55166.484451,0.0,0.0,8,8,1637919925398,24,,0
1637919596801,18377917,2021-11-26 09:39:56.831972+00:00,False,138029815,ETH,HUSD,buy,4094.310761,0.0,0.0,8,8,1637919596801,24,,0
1637919587716,18377914,2021-11-26 09:39:47.745064+00:00,False,138029815,ETH,USDT,sell,4075.453586,0.0,0.0,8,8,1637919587716,24,,0
1637919576861,18377911,2021-11-26 09:39:36.892004+00:00,False,138029815,BTC,HUSD,buy,55080.890284,0.0,0.0,8,8,1637919576861,24,,0
1637919567462,18377908,2021-11-26 09:39:27.493244+00:00,False,138029815,BTC,USDT,sell,54858.399593,0.0,0.0,8,8,1637919567462,24,,0
1637919549565,18377905,2021-11-26 09:39:09.597142+00:00,False,138029815,ETH,HUSD,sell,4078.712477,0.0,0.0,8,8,1637919549565,24,,0
1637919541257,18377902,2021-11-26 09:39:01.289204+00:00,False,138029815,ETH,USDT,buy,4083.38889,0.0,0.0,8,8,1637919541257,24,,0
1637919516390,18377899,2021-11-26 09:38:36.421765+00:00,False,138029815,BTC,HUSD,sell,54607.437775,0.0,0.0,8,8,1637919516390,24,,0
1637919504578,18377896,2021-11-26 09:38:24.609997+00:00,False,138029815,BTC,USDT,buy,54925.640011,0.0,0.0,8,8,1637919504578,24,,0
1637919176759,18377893,2021-11-26 09:32:56.791503+00:00,False,138029815,BTC,USDT,sell,54780.786183,0.0,0.0,8,8,1637919176759,24,,0
1637918956284,18377890,2021-11-26 09:29:16.317126+00:00,False,138029815,USDT,HUSD,buy,1.0013,1.39378761,1.39559985,8,8,1637918956284,24,,0
1637918882255,18377886,2021-11-26 09:28:02.285831+00:00,False,138029815,ETH,HUSD,sell,4089.964719,0.0,0.0,8,8,1637918882255,24,,0
1637918857776,18377883,2021-11-26 09:27:37.806988+00:00,False,138029815,ETH,HUSD,buy,4114.589248,0.0,0.0,8,8,1637918857776,24,,0
1637918789460,18377880,2021-11-26 09:26:29.492141+00:00,False,138029815,BTC,HUSD,sell,54982.902567,0.0,0.0,8,8,1637918789460,24,,0
1637918776138,18377877,2021-11-26 09:26:16.170124+00:00,False,138029815,BTC,HUSD,buy,55301.789539,0.0,0.0,8,8,1637918776138,24,,0
1637918762191,18377874,2021-11-26 09:26:02.218326+00:00,False,138029815,BTC,USDT,sell,54972.30122,0.0,0.0,8,8,1637918762191,24,,0
1637918715326,18377870,2021-11-26 09:25:15.358189+00:00,False,138029815,BTC,USDT,buy,55157.098822,0.0,0.0,8,8,1637918715326,24,,0
1637918006122,18377864,2021-11-26 09:13:26.150890+00:00,False,138029815,BTC,USDT,sell,55171.701524,0.0,0.0,8,8,1637918006122,24,,0
1637917974788,18377861,2021-11-26 09:12:54.820107+00:00,False,138029815,BTC,USDT,buy,55316.494415,0.0,0.0,8,8,1637917974788,24,,0
1637917932999,18377858,2021-11-26 09:12:13.021353+00:00,False,138029815,BTC,USDT,buy,55316.494415,0.0,0.0,8,8,1637917932999,24,,0
1637917860044,18377855,2021-11-26 09:11:00.049730+00:00,False,138029815,BTC,USDT,sell,55027.877859,0.0,0.0,8,8,1637917860044,24,,0
1637917845557,18377852,2021-11-26 09:10:45.589174+00:00,False,138029815,BTC,USDT,sell,55027.877859,0.0,0.0,8,8,1637917845557,24,,0
1637917768116,18377849,2021-11-26 09:09:28.148723+00:00,False,138029815,BTC,USDT,buy,55294.221057,0.0,0.0,8,8,1637917768116,24,,0
1637917757376,18377846,2021-11-26 09:09:17.408130+00:00,False,138029815,BTC,USDT,buy,55294.221057,0.0,0.0,8,8,1637917757376,24,,0
1637917286545,18377842,2021-11-26 09:01:26.578290+00:00,False,138029815,BTC,HUSD,buy,55403.552679,0.0,0.0,8,8,1637917286545,24,,0
1637917275014,18377839,2021-11-26 09:01:15.048036+00:00,False,138029815,BTC,USDT,sell,55197.556004,0.0,0.0,8,8,1637917275014,24,,0
1637916541537,18377834,2021-11-26 08:49:01.572880+00:00,False,138029815,BTC,USDT,buy,55085.125658,0.0,0.0,8,8,1637916541537,24,,0
1637915349823,18377831,2021-11-26 08:29:09.856197+00:00,False,138029815,BTC,HUSD,buy,55813.855333,0.0,0.0,8,8,1637915349823,24,,0
1637915335467,18377828,2021-11-26 08:28:55.502902+00:00,False,138029815,BTC,USDT,sell,55321.591548,0.0,0.0,8,8,1637915335467,24,,0
1637915229418,18377825,2021-11-26 08:27:09.454560+00:00,False,138029815,BTC,USDT,sell,55570.412186,0.0,0.0,8,8,1637915229418,24,,0
1637915056093,18377822,2021-11-26 08:24:16.128941+00:00,False,138029815,BTC,HUSD,buy,56195.864007,0.0,0.0,8,8,1637915056093,24,,0
1637914561513,18377819,2021-11-26 08:16:01.549366+00:00,False,138029815,BTC,HUSD,buy,56830.061717,0.0,0.0,8,8,1637914561513,24,,0
1637913678999,18377816,2021-11-26 08:01:19.034434+00:00,False,138029815,BTC,HUSD,sell,56771.96394,0.0,0.0,8,8,1637913678999,24,,0
1637913620384,18377813,2021-11-26 08:00:20.418297+00:00,False,138029815,BTC,USDT,sell,56785.043068,0.0,0.0,8,8,1637913620384,24,,0
1637913584181,18377810,2021-11-26 07:59:44.217639+00:00,False,138029815,BTC,HUSD,buy,57005.822201,0.0,0.0,8,8,1637913584181,24,,0
1637912978237,18377807,2021-11-26 07:49:38.271869+00:00,False,138029815,BTC,HUSD,sell,56778.023335,0.0,0.0,8,8,1637912978237,24,,0
1637912640501,18377804,2021-11-26 07:44:00.534366+00:00,False,138029815,BTC,HUSD,buy,57176.424845,0.0,0.0,8,8,1637912640501,24,,0
1637912287914,18377801,2021-11-26 07:38:07.948273+00:00,False,138029815,BTC,USDT,buy,57277.420421,0.0,0.0,8,8,1637912287914,24,,0
1637912002185,18377798,2021-11-26 07:33:22.219179+00:00,False,138029815,BTC,USDT,buy,57468.925271,0.0,0.0,8,8,1637912002185,24,,0
1637911457321,18377794,2021-11-26 07:24:17.355677+00:00,False,138029815,ETH,USDT,buy,4411.945933,0.0,0.0,8,8,1637911457321,24,,0
1637911162719,18377791,2021-11-26 07:19:22.754155+00:00,False,138029815,BTC,USDT,buy,57573.558021,0.0,0.0,8,8,1637911162719,24,,0
1637838804980,18377763,2021-11-25 11:13:24.995785+00:00,False,138029815,BTC,HUSD,sell,57884.590766,0.0,0.0,8,8,1637838804980,24,,0
1637838683697,18377760,2021-11-25 11:11:23.711715+00:00,False,138029815,USDT,HUSD,sell,1.0004,0.50554,0.50574216,8,8,1637838683697,24,,0
1637838647001,18377757,2021-11-25 11:10:47.014553+00:00,False,138029815,USDT,HUSD,buy,1.0009,0.50604544,0.50650096,8,8,1637838647001,24,,0
1637838617139,18377754,2021-11-25 11:10:17.149653+00:00,False,138029815,USDT,HUSD,sell,1.0004,0.50604544,0.5062478,8,8,1637838617139,24,,0
1637838580493,18377751,2021-11-25 11:09:40.504254+00:00,False,138029815,ETH,HUSD,sell,4374.784868,0.0,0.0,8,8,1637838580493,24,,0
1637838306119,18377747,2021-11-25 11:05:06.132382+00:00,False,138029815,ETH,USDT,buy,4364.617549,0.0,0.0,8,8,1637838306119,24,,0
1637838284487,18377744,2021-11-25 11:04:44.499384+00:00,False,138029815,BTC,USDT,buy,57934.744632,0.0,0.0,8,8,1637838284487,24,,0
1637838253447,18377740,2021-11-25 11:04:13.460077+00:00,False,138029815,USDT,HUSD,buy,1.0009,1.0,1.00090014,8,8,1637838253447,24,,0
1637838161657,18377736,2021-11-25 11:02:41.670087+00:00,False,138029815,ETH,HUSD,sell,4363.117202,0.0,0.0,8,8,1637838161657,24,,0
1637838142589,18377733,2021-11-25 11:02:22.602189+00:00,False,138029815,USDT,HUSD,sell,1.0004,6.62846824,6.63111884,8,8,1637838142589,24,,0
1637838090026,18377730,2021-11-25 11:01:30.033885+00:00,False,138029815,BTC,HUSD,sell,57982.511178,0.0,0.0,8,8,1637838090026,24,,0
1637825297769,18377725,2021-11-25 07:28:17.780544+00:00,False,138029815,USDT,HUSD,buy,1.0008,3.0,3.00240036,8,8,1637825297769,24,,0
1637823484087,18377721,2021-11-25 06:58:04.094531+00:00,False,138029815,USDT,HUSD,buy,1.0007,2.0,2.0014002,8,8,1637823484087,24,,0
1637822920129,18377717,2021-11-25 06:48:40.142420+00:00,False,138029815,ETH,HUSD,buy,4282.245956,0.0,0.0,8,8,1637822920129,24,,0
1637822136361,18377714,2021-11-25 06:35:36.371197+00:00,False,138029815,BTC,HUSD,buy,57253.63774,0.0,0.0,8,8,1637822136361,24,,0
1637820799616,18377710,2021-11-25 06:13:19.631769+00:00,False,138029815,BTC,HUSD,buy,57385.365728,0.0,0.0,8,8,1637820799616,24,,0
1637820784876,18377707,2021-11-25 06:13:04.890049+00:00,False,138029815,USDT,HUSD,buy,1.0006,1.0,1.00060008,8,8,1637820784876,24,,0
1637820774602,18377704,2021-11-25 06:12:54.617940+00:00,False,138029815,ETH,HUSD,buy,4299.356478,0.0,0.0,8,8,1637820774602,24,,0
1637809681461,18377692,2021-11-25 03:08:01.477006+00:00,False,138029815,USDT,HUSD,sell,1.0001,1.0,1.00009994,8,8,1637809681461,24,,0
1637809673042,18377689,2021-11-25 03:07:53.057320+00:00,False,138029815,USDT,HUSD,buy,1.0006,1.0,1.00060008,8,8,1637809673042,24,,0
1637809596792,18377686,2021-11-25 03:06:36.803411+00:00,False,138029815,USDT,HUSD,sell,1.0001,0.0001,0.00010001,8,8,1637809596792,24,,0
1637809556165,18377683,2021-11-25 03:05:56.180728+00:00,False,138029815,USDT,HUSD,buy,1.0006,0.0001,0.00010007,8,8,1637809556165,24,,0
1637776780987,18377676,2021-11-24 17:59:40.991533+00:00,False,138029815,ETH,USDT,sell,4204.426167,0.0,0.0,8,8,1637776780987,24,,0
1637776487858,18377673,2021-11-24 17:54:47.865758+00:00,False,138029815,ETH,USDT,buy,4214.727657,0.0,0.0,8,8,1637776487858,24,,0
1637775831432,18377662,2021-11-24 17:43:51.446457+00:00,False,138029815,USDT,HUSD,buy,1.0005,1.0,1.00050006,8,8,1637775831432,24,,0
1637774752410,18377649,2021-11-24 17:25:52.424666+00:00,False,138029815,ETH,USDT,sell,4223.14493,0.0,0.0,8,8,1637774752410,24,,0
1637774166436,18377645,2021-11-24 17:16:06.449103+00:00,False,138029815,ETH,USDT,buy,4242.474297,0.0,0.0,8,8,1637774166436,24,,0
1637773454040,18377640,2021-11-24 17:04:14.053903+00:00,False,138029815,USDT,HUSD,sell,1.0,1.0,0.99999996,8,8,1637773454040,24,,0
1637673011544,18377633,2021-11-23 13:10:11.574376+00:00,False,138029815,USDT,HUSD,buy,1.0005,1.0,1.00050006,8,8,1637673011544,24,,0
1637672773660,18377630,2021-11-23 13:06:13.562108+00:00,False,138029815,USDT,HUSD,buy,1.0005,1.0,1.00050006,8,8,1637672773660,24,,0
1637660743214,18377625,2021-11-23 09:45:43.249798+00:00,False,138029815,USDT,HUSD,sell,1.0,2.50741868,2.50741858,8,8,1637660743214,24,,0
1637653094435,18377620,2021-11-23 07:38:14.468536+00:00,False,138029815,USDT,HUSD,sell,1.0,1.0,0.99999996,8,8,1637653094435,24,,0
1637651877634,18377617,2021-11-23 07:17:57.669487+00:00,False,138029815,USDT,HUSD,sell,1.0,10.0,9.9999996,8,8,1637651877634,24,,0
1637649163664,18377609,2021-11-23 06:32:43.702898+00:00,False,138029815,USDT,HUSD,buy,1.0005,0.001,0.00100051,8,8,1637649163664,24,,0
1637635081479,18377602,2021-11-23 02:38:01.511965+00:00,False,138029815,ETH,USDT,buy,4141.733881,0.0,0.0,8,8,1637635081479,24,,0
1637585149737,18377594,2021-11-22 12:45:49.752443+00:00,False,138029815,USDT,HUSD,sell,1.0006,0.0001,0.00010006,8,8,1637585149737,24,,0
1637573426083,18377589,2021-11-22 09:30:26.090897+00:00,False,138029815,USDT,HUSD,sell,1.0006,0.0001,0.00010006,8,8,1637573426083,24,,0
1637573415371,18377586,2021-11-22 09:30:15.382325+00:00,False,138029815,USDT,HUSD,buy,1.0011,0.0001,0.00010012,8,8,1637573415371,24,,0
1637552281112,18377577,2021-11-22 03:38:01.122405+00:00,False,138029815,USDT,HUSD,sell,1.0005,0.0001,0.00010005,8,8,1637552281112,24,,0
1637547940299,18377573,2021-11-22 02:25:40.320364+00:00,False,138029815,USDT,HUSD,sell,1.0005,0.0001,0.00010005,8,8,1637547940299,24,,0
1637484192473,18377567,2021-11-21 08:43:12.511362+00:00,False,138029815,USDT,HUSD,sell,1.0004,1.0,1.00039988,8,8,1637484192473,24,,0
1637483160040,18377563,2021-11-21 08:26:00.077998+00:00,False,138029815,ETH,USDT,buy,4351.199502,0.0,0.0,8,8,1637483160040,24,,0
1637382362367,18377552,2021-11-20 04:26:02.378001+00:00,False,138029815,BTC,USDT,sell,58425.918083,0.0,0.0,8,8,1637382362367,24,,0
1637382162851,18377549,2021-11-20 04:22:42.865033+00:00,False,138029815,BTC,USDT,buy,58478.490727,0.0,0.0,8,8,1637382162851,24,,0
1637380185532,18377546,2021-11-20 03:49:45.535136+00:00,False,138029815,BTC,HUSD,buy,58673.854052,0.0,0.0,8,8,1637380185532,24,,0
1637379928301,18377542,2021-11-20 03:45:28.302645+00:00,False,138029815,BTC,HUSD,sell,58486.530354,0.0,0.0,8,8,1637379928301,24,,0
1637379842427,18377539,2021-11-20 03:44:02.427660+00:00,False,138029815,BTC,USDT,sell,58419.002234,0.0,0.0,8,8,1637379842427,24,,0
1637379781953,18377536,2021-11-20 03:43:01.954278+00:00,False,138029815,ETH,USDT,sell,4272.585252,0.0,0.0,8,8,1637379781953,24,,0
1637379708214,18377532,2021-11-20 03:41:48.209658+00:00,False,138029815,BTC,USDT,sell,58453.651435,0.0,0.0,8,8,1637379708214,24,,0
1637379690949,18377529,2021-11-20 03:41:30.948075+00:00,False,138029815,BTC,USDT,buy,58594.800481,0.0,0.0,8,8,1637379690949,24,,0
1637326606721,18377526,2021-11-19 12:56:46.719841+00:00,False,138029815,BTC,USDT,buy,57049.663831,0.0,0.0,8,8,1637326606721,24,,0
1637326288436,18377523,2021-11-19 12:51:28.440791+00:00,False,138029815,BTC,USDT,buy,57174.478685,0.0,0.0,8,8,1637326288436,24,,0
1637325768715,18377520,2021-11-19 12:42:48.724229+00:00,False,138029815,BTC,USDT,buy,57297.262321,0.0,0.0,8,8,1637325768715,24,,0
1637323505287,18377514,2021-11-19 12:05:05.292839+00:00,False,138029815,BTC,USDT,sell,57039.830124,0.0,0.0,8,8,1637323505287,24,,0
1637323428157,18377510,2021-11-19 12:03:48.163167+00:00,False,138029815,BTC,USDT,buy,57171.827095,0.0,0.0,8,8,1637323428157,24,,0
1637234417840,18377505,2021-11-18 11:20:17.842494+00:00,False,138029815,ETH,HUSD,sell,4221.720636,0.0,0.0,8,8,1637234417840,24,,0
1637234408587,18377502,2021-11-18 11:20:08.589717+00:00,False,138029815,ETH,HUSD,buy,4230.086152,0.0,0.0,8,8,1637234408587,24,,0
1637234393678,18377499,2021-11-18 11:19:53.681161+00:00,False,138029815,USDT,HUSD,sell,1.0002,0.0001,0.00010002,8,8,1637234393678,24,,0
1637234381036,18377496,2021-11-18 11:19:41.039204+00:00,False,138029815,USDT,HUSD,buy,1.0007,0.0001,0.00010008,8,8,1637234381036,24,,0
1637234368098,18377493,2021-11-18 11:19:28.100567+00:00,False,138029815,BTC,HUSD,sell,59683.91688,0.0,0.0,8,8,1637234368098,24,,0
1637234293148,18377490,2021-11-18 11:18:13.148420+00:00,False,138029815,ETH,USDT,buy,4227.40526,0.0,0.0,8,8,1637234293148,24,,0
1637234276365,18377487,2021-11-18 11:17:56.366005+00:00,False,138029815,BTC,HUSD,sell,59691.803724,0.0,0.0,8,8,1637234276365,24,,0
1637234263678,18377484,2021-11-18 11:17:43.677802+00:00,False,138029815,BTC,HUSD,buy,59847.760214,0.0,0.0,8,8,1637234263678,24,,0
1637234246970,18377481,2021-11-18 11:17:26.969002+00:00,False,138029815,BTC,USDT,sell,59716.043646,0.0,0.0,8,8,1637234246970,24,,0
1637234225531,18377478,2021-11-18 11:17:05.526751+00:00,False,138029815,BTC,USDT,buy,59798.802545,0.0,0.0,8,8,1637234225531,24,,0
1637234017040,18377477,2021-11-18 11:13:37.038987+00:00,False,138029815,USDT,HUSD,buy,1.0007,1.0,1.0007001,8,8,1637234017040,24,,0
1637231681100,18377471,2021-11-18 10:34:41.100086+00:00,False,138029815,ETH,USDT,buy,4224.213346,0.0,0.0,8,8,1637231681100,24,,0
1637231671698,18377468,2021-11-18 10:34:31.694912+00:00,False,138029815,ETH,USDT,buy,4222.512326,0.0,0.0,8,8,1637231671698,24,,0
1637066302142,18377465,2021-11-16 12:38:22.157225+00:00,False,138029815,ETH,USDT,buy,4266.373104,0.0,0.0,8,8,1637066302142,24,,0
1637066227228,18377462,2021-11-16 12:37:07.243533+00:00,False,138029815,ETH,USDT,sell,4261.901665,0.0,0.0,8,8,1637066227228,24,,0
1637066202481,18377459,2021-11-16 12:36:42.496415+00:00,False,138029815,ETH,USDT,buy,4277.455276,0.0,0.0,8,8,1637066202481,24,,0
1637056878494,18377456,2021-11-16 10:01:18.509643+00:00,False,138029815,BTC,HUSD,buy,60290.575564,0.0,0.0,8,8,1637056878494,24,,0
1637056833289,18377453,2021-11-16 10:00:33.305062+00:00,False,138029815,BTC,HUSD,sell,60082.217496,0.0,0.0,8,8,1637056833289,24,,0
1637054018229,18377450,2021-11-16 09:13:38.240417+00:00,False,138029815,USDT,HUSD,sell,1.0001,0.0007,0.00070007,8,8,1637054018229,24,,0
1637053734994,18377447,2021-11-16 09:08:55.004824+00:00,False,138029815,BTC,USDT,buy,60810.95976,0.0,0.0,8,8,1637053734994,24,,0
1637053703140,18377444,2021-11-16 09:08:23.151600+00:00,False,138029815,ETH,USDT,sell,4303.109206,0.0,0.0,8,8,1637053703140,24,,0
1637053523738,18377441,2021-11-16 09:05:23.750015+00:00,False,138029815,ETH,USDT,buy,4320.320983,0.0,0.0,8,8,1637053523738,24,,0
1636708535358,18377438,2021-11-12 09:15:35.356132+00:00,False,138029815,ETH,HUSD,sell,4724.394932,0.0,0.0,8,8,1636708535358,24,,0
1636708526550,18377435,2021-11-12 09:15:26.548364+00:00,False,138029815,ETH,HUSD,buy,4732.843384,0.0,0.0,8,8,1636708526550,24,,0
1636708515799,18377432,2021-11-12 09:15:15.797691+00:00,False,138029815,USDT,HUSD,sell,1.0,0.0001,0.0001,8,8,1636708515799,24,,0
1636708505705,18377429,2021-11-12 09:15:05.697667+00:00,False,138029815,USDT,HUSD,buy,1.0005,0.0001,0.00010006,8,8,1636708505705,24,,0
1636708494484,18377426,2021-11-12 09:14:54.482380+00:00,False,138029815,BTC,HUSD,sell,64719.150381,0.0,0.0,8,8,1636708494484,24,,0
1636708389345,18377423,2021-11-12 09:13:09.342408+00:00,False,138029815,BTC,HUSD,buy,64840.199064,0.0,0.0,8,8,1636708389345,24,,0
1636708373221,18377420,2021-11-12 09:12:53.216575+00:00,False,138029815,ETH,USDT,sell,4727.85424,0.0,0.0,8,8,1636708373221,24,,0
1636708360727,18377417,2021-11-12 09:12:40.725665+00:00,False,138029815,ETH,USDT,buy,4733.478762,0.0,0.0,8,8,1636708360727,24,,0
1636708349301,18377414,2021-11-12 09:12:29.300140+00:00,False,138029815,BTC,USDT,sell,64770.499557,0.0,0.0,8,8,1636708349301,24,,0
1636708323139,18377411,2021-11-12 09:12:03.137801+00:00,False,138029815,BTC,USDT,buy,64825.652538,0.0,0.0,8,8,1636708323139,24,,0
1636708208455,18377408,2021-11-12 09:10:08.448583+00:00,False,138029815,BTC,USDT,sell,64794.145363,0.0,0.0,8,8,1636708208455,24,,0
1636708178287,18377405,2021-11-12 09:09:38.286250+00:00,False,138029815,BTC,USDT,buy,64836.594726,0.0,0.0,8,8,1636708178287,24,,0
1636707323024,18377402,2021-11-12 08:55:23.025324+00:00,False,138029815,USDT,HUSD,sell,1.0,0.0001,0.0001,8,8,1636707323024,24,,0
1636707311796,18377399,2021-11-12 08:55:11.796418+00:00,False,138029815,USDT,HUSD,buy,1.0005,0.0001,0.00010006,8,8,1636707311796,24,,0
1636707188737,18377396,2021-11-12 08:53:08.738102+00:00,False,138029815,USDT,HUSD,sell,0.9999,1.00010003,1.0,8,8,1636707188737,24,,0
1636707178120,18377393,2021-11-12 08:52:58.121364+00:00,False,138029815,USDT,HUSD,sell,0.9999,1.0,0.99989998,8,8,1636707178120,24,,0
1636707140694,18377390,2021-11-12 08:52:20.696078+00:00,False,138029815,USDT,HUSD,buy,1.0004,0.99960011,1.0,8,8,1636707140694,24,,0
1636707126059,18377387,2021-11-12 08:52:06.060179+00:00,False,138029815,USDT,HUSD,buy,1.0004,1.0,1.00040004,8,8,1636707126059,24,,0
1636706770540,18377384,2021-11-12 08:46:10.540770+00:00,False,138029815,USDT,HUSD,buy,1.0004,0.0001,0.00010005,8,8,1636706770540,24,,0
1636706757826,18377381,2021-11-12 08:45:57.827781+00:00,False,138029815,BTC,HUSD,sell,64717.645634,0.0,0.0,8,8,1636706757826,24,,0
1636706434281,18377378,2021-11-12 08:40:34.284288+00:00,False,138029815,BTC,HUSD,buy,64921.304994,0.0,0.0,8,8,1636706434281,24,,0
1636706411073,18377375,2021-11-12 08:40:11.074522+00:00,False,138029815,ETH,USDT,sell,4727.284354,0.0,0.0,8,8,1636706411073,24,,0
1636706400268,18377372,2021-11-12 08:40:00.271499+00:00,False,138029815,ETH,USDT,buy,4735.159771,0.0,0.0,8,8,1636706400268,24,,0
1636706386756,18377369,2021-11-12 08:39:46.759833+00:00,False,138029815,BTC,USDT,sell,64803.119975,0.0,0.0,8,8,1636706386756,24,,0
1636706371814,18377366,2021-11-12 08:39:31.817182+00:00,False,138029815,BTC,USDT,buy,64910.22945,0.0,0.0,8,8,1636706371814,24,,0
1636705470760,18377363,2021-11-12 08:24:30.769670+00:00,False,138029815,BTC,USDT,buy,64625.832582,0.0,0.0,8,8,1636705470760,24,,0
1636703889906,18377360,2021-11-12 07:58:09.924635+00:00,False,138029815,USDT,HUSD,sell,1.0,0.0001,0.0001,8,8,1636703889906,24,,0
1636703815517,18377357,2021-11-12 07:56:55.535144+00:00,False,138029815,USDT,HUSD,buy,1.0005,0.0001,0.00010006,8,8,1636703815517,24,,0
1636702385391,18377354,2021-11-12 07:33:05.408224+00:00,False,138029815,ETH,USDT,buy,4726.69515,0.0,0.0,8,8,1636702385391,24,,0
1636701333541,18377351,2021-11-12 07:15:33.557195+00:00,False,138029815,USDT,HUSD,sell,0.9999,0.0001,9.999e-05,8,8,1636701333541,24,,0
1636701321963,18377348,2021-11-12 07:15:21.978404+00:00,False,138029815,BTC,HUSD,sell,64325.250445,0.0,0.0,8,8,1636701321963,24,,0
1636701291056,18377345,2021-11-12 07:14:51.070364+00:00,False,138029815,ETH,USDT,sell,4702.367262,0.0,0.0,8,8,1636701291056,24,,0
1636701276925,18377342,2021-11-12 07:14:36.941684+00:00,False,138029815,BTC,USDT,sell,64299.712161,0.0,0.0,8,8,1636701276925,24,,0
1636700870466,18377339,2021-11-12 07:07:50.480703+00:00,False,138029815,USDT,HUSD,sell,0.9999,0.0001,9.999e-05,8,8,1636700870466,24,,0
1636698984520,18377336,2021-11-12 06:36:24.522616+00:00,False,138029815,USDT,HUSD,buy,1.0004,0.0001,0.00010005,8,8,1636698984520,24,,0
1636697450125,18377333,2021-11-12 06:10:50.130768+00:00,False,138029815,ETH,HUSD,sell,4743.706603,0.0,0.0,8,8,1636697450125,24,,0
1636697439084,18377330,2021-11-12 06:10:39.090055+00:00,False,138029815,ETH,HUSD,buy,4751.6692,0.0,0.0,8,8,1636697439084,24,,0
1636696759897,18377327,2021-11-12 05:59:19.903200+00:00,False,138029815,BTC,HUSD,sell,64656.11619,0.0,0.0,8,8,1636696759897,24,,0
1636696706515,18377324,2021-11-12 05:58:26.518487+00:00,False,138029815,BTC,HUSD,buy,64769.258635,0.0,0.0,8,8,1636696706515,24,,0
1636696686710,18377321,2021-11-12 05:58:06.715499+00:00,False,138029815,ETH,USDT,sell,4739.741862,0.0,0.0,8,8,1636696686710,24,,0
1636696631924,18377318,2021-11-12 05:57:11.929710+00:00,False,138029815,ETH,USDT,buy,4745.686083,0.0,0.0,8,8,1636696631924,24,,0
1636696503655,18377315,2021-11-12 05:55:03.660309+00:00,False,138029815,BTC,USDT,sell,64662.045004,0.0,0.0,8,8,1636696503655,24,,0
1636696490153,18377312,2021-11-12 05:54:50.154839+00:00,False,138029815,BTC,USDT,buy,64749.371501,0.0,0.0,8,8,1636696490153,24,,0
